/* INSERTS DE LA TABLA TIPO DE VEHICULO */
INSERT INTO TIPO(TIPOID,TIPO) VALUES (1, 'SEDÁN');
INSERT INTO TIPO(TIPOID,TIPO) VALUES (2, 'HATCHBACK');
INSERT INTO TIPO(TIPOID,TIPO) VALUES (3, 'CAMIONETA');


/* INSERTS DE LA TABLA DE MARCAS DE VEHICULOS */
INSERT INTO MARCA(MARCAID,MARCA) VALUES(1, 'HONDA');
INSERT INTO MARCA(MARCAID,MARCA) VALUES(2, 'HYUNDAI');
INSERT INTO MARCA(MARCAID,MARCA) VALUES(3, 'TOYOTA');


/* INSERTS DE LA TABLA DE LINEAS DE VEHICULOS */
INSERT INTO LINEA(MARCAID,LINEAID,LINEA) VALUES(1,1,'ACCORD EX');
INSERT INTO LINEA(MARCAID,LINEAID,LINEA) VALUES(1,2,'CIVIC LX');
INSERT INTO LINEA(MARCAID,LINEAID,LINEA) VALUES(1,3,'FIT EX');
INSERT INTO LINEA(MARCAID,LINEAID,LINEA) VALUES(2,1,'ACCENT GS');
INSERT INTO LINEA(MARCAID,LINEAID,LINEA) VALUES(2,2,'ELANTRA GT');
INSERT INTO LINEA(MARCAID,LINEAID,LINEA) VALUES(2,3,'VELOSTER');
INSERT INTO LINEA(MARCAID,LINEAID,LINEA) VALUES(3,1,'COROLLA');
INSERT INTO LINEA(MARCAID,LINEAID,LINEA) VALUES(3,2,'PRIUS');
INSERT INTO LINEA(MARCAID,LINEAID,LINEA) VALUES(3,3,'YARIS');

/* INSERTS DE VEHICULOS DISPONIBLES */
INSERT INTO VEHICULO
(VEHICULOID,TIPOID,MARCAID,LINEAID,CC,COLOR,MODELO,PRECIO)
VALUES
(1, 1, 1, 1, 2000, 'NEGRO', 2010, 50000.00),
(2, 1, 1, 2, 1800, 'GRIS', 2008, 32000.00),
(3, 2, 1, 3, 1500, 'AZUL', 2014, 35000.00),
(4, 1, 2, 1, 1600, 'BLANCO', 2012, 30000.00),
(5, 1, 2, 2, 2000, 'VERDE POLICROMADO', 2013, 45000.00),
(6, 2, 2, 3, 1500, 'AZUL', 2014, 35000.00),
(7, 1, 3, 1, 1800, 'BLANCO', 2014, 40000.00),
(8, 1, 3, 2, 1500, 'GRIS', 2011, 40000.00),
(9, 2, 3, 3, 1500, 'ROJO', 2014, 47000.00)

